{"cameraMode":{"drawMode":0,"name":"Shaded","section":"Shading Mode"},"sceneLighting":true,"audioPlay":false,"sceneViewState":{"m_AlwaysRefresh":false,"showFog":true,"showSkybox":false,"showFlares":true,"showImageEffects":true,"showParticleSystems":true,"showVisualEffectGraphs":true,"m_FxEnabled":true},"in2DMode":false,"pivot":{"x":2.8903825283050539,"y":0.17230960726737977,"z":-2.544036388397217},"rotation":{"x":0.02714589610695839,"y":0.6382988691329956,"z":0.02316935732960701,"w":-0.7692455649375916},"size":0.3212827444076538,"orthographic":false}